<?xml version="1.0" encoding="UTF-8"?><ImplementationGuide xmlns="http://hl7.org/fhir"><id value="openhie.fhir.casereporting"/><text><status value="extensions"/><div xmlns="http://www.w3.org/1999/xhtml"><h2>openhie-case-reporting</h2><p>The official URL for this implementation guide is: </p><pre>http://openhie.org/fhir/ImplementationGuide/openhie.fhir.casereporting</pre><div><p>General case reporting workflow for OpenHIE</p>
</div></div></text><url value="http://openhie.org/fhir/ImplementationGuide/openhie.fhir.casereporting"/><version value="0.1.0-test"/><name value="openhie-case-reporting"/><title value="OpenHIE Case Reporting"/><status value="draft"/><experimental value="false"/><date value="2021-02-07T17:37:25+00:00"/><publisher value="OpenHIE"/><contact><telecom><system value="url"/><value value="http://ohie.org"/></telecom></contact><description value="General case reporting workflow for OpenHIE "/><jurisdiction><coding><system value="http://unstats.un.org/unsd/methods/m49/m49.htm"/><code value="001"/></coding></jurisdiction><packageId value="openhie.fhir.casereporting"/><license value="CC0-1.0"/><fhirVersion value="4.0.1"/><dependsOn id="sdc"><uri value="http://hl7.org/fhir/uv/sdc/ImplementationGuide/hl7.fhir.uv.sdc"/><packageId value="hl7.fhir.uv.sdc"/><version value="current"/></dependsOn><definition><extension url="http://hl7.org/fhir/tools/StructureDefinition/ig-parameter"><extension url="code"><valueString value="copyrightyear"/></extension><extension url="value"><valueString value="2021+"/></extension></extension><extension url="http://hl7.org/fhir/tools/StructureDefinition/ig-parameter"><extension url="code"><valueString value="releaselabel"/></extension><extension url="value"><valueString value="CI Build"/></extension></extension><extension url="http://hl7.org/fhir/tools/StructureDefinition/ig-parameter"><extension url="code"><valueString value="path-binary"/></extension><extension url="value"><valueString value="input\cql"/></extension></extension><extension url="http://hl7.org/fhir/tools/StructureDefinition/ig-parameter"><extension url="code"><valueString value="path-liquid"/></extension><extension url="value"><valueString value="templates\liquid"/></extension></extension><extension url="http://hl7.org/fhir/tools/StructureDefinition/ig-parameter"><extension url="code"><valueString value="autoload-resources"/></extension><extension url="value"><valueString value="true"/></extension></extension><extension url="http://hl7.org/fhir/tools/StructureDefinition/ig-parameter"><extension url="code"><valueString value="path-liquid"/></extension><extension url="value"><valueString value="template/liquid"/></extension></extension><extension url="http://hl7.org/fhir/tools/StructureDefinition/ig-parameter"><extension url="code"><valueString value="path-liquid"/></extension><extension url="value"><valueString value="input/liquid"/></extension></extension><extension url="http://hl7.org/fhir/tools/StructureDefinition/ig-parameter"><extension url="code"><valueString value="path-qa"/></extension><extension url="value"><valueString value="temp/qa"/></extension></extension><extension url="http://hl7.org/fhir/tools/StructureDefinition/ig-parameter"><extension url="code"><valueString value="path-temp"/></extension><extension url="value"><valueString value="temp/pages"/></extension></extension><extension url="http://hl7.org/fhir/tools/StructureDefinition/ig-parameter"><extension url="code"><valueString value="path-output"/></extension><extension url="value"><valueString value="output"/></extension></extension><extension url="http://hl7.org/fhir/tools/StructureDefinition/ig-parameter"><extension url="code"><valueString value="path-suppressed-warnings"/></extension><extension url="value"><valueString value="input/ignoreWarnings.txt"/></extension></extension><extension url="http://hl7.org/fhir/tools/StructureDefinition/ig-parameter"><extension url="code"><valueString value="path-history"/></extension><extension url="value"><valueString value="http://openhie.org/fhir/history.html"/></extension></extension><extension url="http://hl7.org/fhir/tools/StructureDefinition/ig-parameter"><extension url="code"><valueString value="template-html"/></extension><extension url="value"><valueString value="template-page.html"/></extension></extension><extension url="http://hl7.org/fhir/tools/StructureDefinition/ig-parameter"><extension url="code"><valueString value="template-md"/></extension><extension url="value"><valueString value="template-page-md.html"/></extension></extension><extension url="http://hl7.org/fhir/tools/StructureDefinition/ig-parameter"><extension url="code"><valueString value="apply-contact"/></extension><extension url="value"><valueString value="true"/></extension></extension><extension url="http://hl7.org/fhir/tools/StructureDefinition/ig-parameter"><extension url="code"><valueString value="apply-context"/></extension><extension url="value"><valueString value="true"/></extension></extension><extension url="http://hl7.org/fhir/tools/StructureDefinition/ig-parameter"><extension url="code"><valueString value="apply-copyright"/></extension><extension url="value"><valueString value="true"/></extension></extension><extension url="http://hl7.org/fhir/tools/StructureDefinition/ig-parameter"><extension url="code"><valueString value="apply-jurisdiction"/></extension><extension url="value"><valueString value="true"/></extension></extension><extension url="http://hl7.org/fhir/tools/StructureDefinition/ig-parameter"><extension url="code"><valueString value="apply-license"/></extension><extension url="value"><valueString value="true"/></extension></extension><extension url="http://hl7.org/fhir/tools/StructureDefinition/ig-parameter"><extension url="code"><valueString value="apply-publisher"/></extension><extension url="value"><valueString value="true"/></extension></extension><extension url="http://hl7.org/fhir/tools/StructureDefinition/ig-parameter"><extension url="code"><valueString value="apply-version"/></extension><extension url="value"><valueString value="true"/></extension></extension><extension url="http://hl7.org/fhir/tools/StructureDefinition/ig-parameter"><extension url="code"><valueString value="active-tables"/></extension><extension url="value"><valueString value="true"/></extension></extension><grouping id="_str_questionnaire"><name value="Structures: Questionnaires"/><description value="These define forms used by systems conforming to this implementation guide to capture or expose data to end users"/></grouping><grouping id="_term_valueset"><name value="Terminology: Value Sets"/><description value="These define sets of codes used by systems conforming to this implementation guide"/></grouping><grouping id="_term_codesystem"><name value="Terminology: Code Systems"/><description value="These define new code systems used by systems conforming to this implementation guide"/></grouping><resource><extension url="http://hl7.org/fhir/StructureDefinition/implementationguide-page"><valueUri value="ValueSet-vs-ethnicity.html"/></extension><reference><reference value="ValueSet/vs-ethnicity"/></reference><name value="Ethnicity"/><description value="Ethnicity"/><groupingId value="_term_valueset"/></resource><resource><extension url="http://hl7.org/fhir/StructureDefinition/implementationguide-page"><valueUri value="Questionnaire-case-reporting-questionnaire.html"/></extension><reference><reference value="Questionnaire/case-reporting-questionnaire"/></reference><name value="Case Reporting Questionnaire"/><groupingId value="_str_questionnaire"/></resource><resource><extension url="http://hl7.org/fhir/StructureDefinition/implementationguide-page"><valueUri value="CodeSystem-hiv-transmission-route.html"/></extension><reference><reference value="CodeSystem/hiv-transmission-route"/></reference><name value="HIV Transmission Route"/><description value="HIV Transmission Route codes"/><groupingId value="_term_codesystem"/></resource><resource><extension url="http://hl7.org/fhir/StructureDefinition/implementationguide-page"><valueUri value="ValueSet-hiv-transmission-route.html"/></extension><reference><reference value="ValueSet/hiv-transmission-route"/></reference><name value="HIV Transmission Route"/><description value="HIV Transmission Route"/><groupingId value="_term_valueset"/></resource><resource><extension url="http://hl7.org/fhir/StructureDefinition/implementationguide-page"><valueUri value="CodeSystem-cs-patient-gender.html"/></extension><reference><reference value="CodeSystem/cs-patient-gender"/></reference><name value="Patient Gender"/><description value="The genders for patients"/><groupingId value="_term_codesystem"/></resource><page><nameUrl value="toc.html"/><title value="Table of Contents"/><generation value="html"/><page><nameUrl value="index.html"/><title value="L1: OpenHIE Case Reporting"/><generation value="html"/><page><nameUrl value="references.html"/><title value="References"/><generation value="html"/></page></page><page><nameUrl value="requirements.html"/><title value="L2: Business Requirements"/><generation value="html"/><page><nameUrl value="concepts.html"/><title value="Concepts"/><generation value="html"/></page><page><nameUrl value="functional.html"/><title value="Functional Requirements"/><generation value="html"/></page><page><nameUrl value="personas.html"/><title value="Personas"/><generation value="html"/></page><page><nameUrl value="workflows.html"/><title value="Workflows"/><generation value="html"/></page><page><nameUrl value="usecases.html"/><title value="Use Cases"/><generation value="html"/></page></page><page><nameUrl value="data_exchange.html"/><title value="L3: Data Models and Exchange "/><generation value="html"/><page><nameUrl value="dependencies.html"/><title value="Dependencies"/><generation value="html"/></page><page><nameUrl value="actors.html"/><title value="Actors"/><generation value="html"/></page><page><nameUrl value="transactions.html"/><title value="Transactions"/><generation value="html"/></page><page><nameUrl value="expected_actions.html"/><title value="Expected Actions"/><generation value="html"/></page><page><nameUrl value="content_profiles.html"/><title value="Content Profiles"/><generation value="html"/></page></page><page><nameUrl value="deployment.html"/><title value="L4: Deployment Guidance"/><generation value="html"/><page><nameUrl value="security_privacy.html"/><title value="Security and Privacy Considerations"/><generation value="html"/></page><page><nameUrl value="testing.html"/><title value="Testing"/><generation value="html"/></page><page><nameUrl value="instant_openhie.html"/><title value="Instant OpenHIE"/><generation value="html"/></page><page><nameUrl value="downloads.html"/><title value="Useful Downloads"/><generation value="html"/></page></page><page><nameUrl value="artifacts.html"/><title value="Artifacts Summary"/><generation value="html"/><page><nameUrl value="Questionnaire-case-reporting-questionnaire.html"/><title value="Case Reporting Questionnaire"/><generation value="generated"/></page><page><nameUrl value="ValueSet-vs-ethnicity.html"/><title value="Ethnicity"/><generation value="generated"/></page><page><nameUrl value="ValueSet-hiv-transmission-route.html"/><title value="HIV Transmission Route"/><generation value="generated"/></page><page><nameUrl value="CodeSystem-hiv-transmission-route.html"/><title value="HIV Transmission Route"/><generation value="generated"/></page><page><nameUrl value="CodeSystem-cs-patient-gender.html"/><title value="Patient Gender"/><generation value="generated"/></page></page></page><parameter><code value="path-resource"/><value value="input\history"/></parameter><parameter><code value="path-resource"/><value value="input\scenarios"/></parameter><parameter><code value="path-resource"/><value value="input/capabilities"/></parameter><parameter><code value="path-resource"/><value value="input/examples"/></parameter><parameter><code value="path-resource"/><value value="input/extensions"/></parameter><parameter><code value="path-resource"/><value value="input/models"/></parameter><parameter><code value="path-resource"/><value value="input/operations"/></parameter><parameter><code value="path-resource"/><value value="input/profiles"/></parameter><parameter><code value="path-resource"/><value value="input/resources"/></parameter><parameter><code value="path-resource"/><value value="input/vocabulary"/></parameter><parameter><code value="path-resource"/><value value="input/testing"/></parameter><parameter><code value="path-resource"/><value value="input/history"/></parameter><parameter><code value="path-resource"/><value value="fsh-generated/resources"/></parameter><parameter><code value="path-pages"/><value value="template/config"/></parameter><parameter><code value="path-pages"/><value value="input/images"/></parameter><parameter><code value="path-tx-cache"/><value value="input-cache/txcache"/></parameter></definition></ImplementationGuide>