{"resourceType":"ImplementationGuide","id":"openhie.fhir.casereporting","text":{"status":"extensions","div":"<div xmlns=\"http://www.w3.org/1999/xhtml\"><h2>openhie-case-reporting</h2><p>The official URL for this implementation guide is: </p><pre>http://openhie.org/fhir/ImplementationGuide/openhie.fhir.casereporting</pre><div><p>General case reporting workflow for OpenHIE</p>\n</div></div>"},"url":"http://openhie.org/fhir/ImplementationGuide/openhie.fhir.casereporting","version":"0.1.0-test","name":"openhie-case-reporting","title":"OpenHIE Case Reporting","status":"draft","experimental":false,"date":"2021-02-07T17:37:25+00:00","publisher":"OpenHIE","contact":[{"telecom":[{"system":"url","value":"http://ohie.org"}]}],"description":"General case reporting workflow for OpenHIE ","jurisdiction":[{"coding":[{"system":"http://unstats.un.org/unsd/methods/m49/m49.htm","code":"001"}]}],"packageId":"openhie.fhir.casereporting","license":"CC0-1.0","fhirVersion":["4.0.1"],"dependsOn":[{"id":"sdc","uri":"http://hl7.org/fhir/uv/sdc/ImplementationGuide/hl7.fhir.uv.sdc","packageId":"hl7.fhir.uv.sdc","version":"current"}],"definition":{"extension":[{"extension":[{"url":"code","valueString":"copyrightyear"},{"url":"value","valueString":"2021+"}],"url":"http://hl7.org/fhir/tools/StructureDefinition/ig-parameter"},{"extension":[{"url":"code","valueString":"releaselabel"},{"url":"value","valueString":"CI Build"}],"url":"http://hl7.org/fhir/tools/StructureDefinition/ig-parameter"},{"extension":[{"url":"code","valueString":"path-binary"},{"url":"value","valueString":"input\\cql"}],"url":"http://hl7.org/fhir/tools/StructureDefinition/ig-parameter"},{"extension":[{"url":"code","valueString":"path-liquid"},{"url":"value","valueString":"templates\\liquid"}],"url":"http://hl7.org/fhir/tools/StructureDefinition/ig-parameter"},{"extension":[{"url":"code","valueString":"autoload-resources"},{"url":"value","valueString":"true"}],"url":"http://hl7.org/fhir/tools/StructureDefinition/ig-parameter"},{"extension":[{"url":"code","valueString":"path-liquid"},{"url":"value","valueString":"template/liquid"}],"url":"http://hl7.org/fhir/tools/StructureDefinition/ig-parameter"},{"extension":[{"url":"code","valueString":"path-liquid"},{"url":"value","valueString":"input/liquid"}],"url":"http://hl7.org/fhir/tools/StructureDefinition/ig-parameter"},{"extension":[{"url":"code","valueString":"path-qa"},{"url":"value","valueString":"temp/qa"}],"url":"http://hl7.org/fhir/tools/StructureDefinition/ig-parameter"},{"extension":[{"url":"code","valueString":"path-temp"},{"url":"value","valueString":"temp/pages"}],"url":"http://hl7.org/fhir/tools/StructureDefinition/ig-parameter"},{"extension":[{"url":"code","valueString":"path-output"},{"url":"value","valueString":"output"}],"url":"http://hl7.org/fhir/tools/StructureDefinition/ig-parameter"},{"extension":[{"url":"code","valueString":"path-suppressed-warnings"},{"url":"value","valueString":"input/ignoreWarnings.txt"}],"url":"http://hl7.org/fhir/tools/StructureDefinition/ig-parameter"},{"extension":[{"url":"code","valueString":"path-history"},{"url":"value","valueString":"http://openhie.org/fhir/history.html"}],"url":"http://hl7.org/fhir/tools/StructureDefinition/ig-parameter"},{"extension":[{"url":"code","valueString":"template-html"},{"url":"value","valueString":"template-page.html"}],"url":"http://hl7.org/fhir/tools/StructureDefinition/ig-parameter"},{"extension":[{"url":"code","valueString":"template-md"},{"url":"value","valueString":"template-page-md.html"}],"url":"http://hl7.org/fhir/tools/StructureDefinition/ig-parameter"},{"extension":[{"url":"code","valueString":"apply-contact"},{"url":"value","valueString":"true"}],"url":"http://hl7.org/fhir/tools/StructureDefinition/ig-parameter"},{"extension":[{"url":"code","valueString":"apply-context"},{"url":"value","valueString":"true"}],"url":"http://hl7.org/fhir/tools/StructureDefinition/ig-parameter"},{"extension":[{"url":"code","valueString":"apply-copyright"},{"url":"value","valueString":"true"}],"url":"http://hl7.org/fhir/tools/StructureDefinition/ig-parameter"},{"extension":[{"url":"code","valueString":"apply-jurisdiction"},{"url":"value","valueString":"true"}],"url":"http://hl7.org/fhir/tools/StructureDefinition/ig-parameter"},{"extension":[{"url":"code","valueString":"apply-license"},{"url":"value","valueString":"true"}],"url":"http://hl7.org/fhir/tools/StructureDefinition/ig-parameter"},{"extension":[{"url":"code","valueString":"apply-publisher"},{"url":"value","valueString":"true"}],"url":"http://hl7.org/fhir/tools/StructureDefinition/ig-parameter"},{"extension":[{"url":"code","valueString":"apply-version"},{"url":"value","valueString":"true"}],"url":"http://hl7.org/fhir/tools/StructureDefinition/ig-parameter"},{"extension":[{"url":"code","valueString":"active-tables"},{"url":"value","valueString":"true"}],"url":"http://hl7.org/fhir/tools/StructureDefinition/ig-parameter"}],"grouping":[{"id":"_str_questionnaire","name":"Structures: Questionnaires","description":"These define forms used by systems conforming to this implementation guide to capture or expose data to end users"},{"id":"_term_valueset","name":"Terminology: Value Sets","description":"These define sets of codes used by systems conforming to this implementation guide"},{"id":"_term_codesystem","name":"Terminology: Code Systems","description":"These define new code systems used by systems conforming to this implementation guide"}],"resource":[{"extension":[{"url":"http://hl7.org/fhir/StructureDefinition/implementationguide-page","valueUri":"ValueSet-vs-ethnicity.html"}],"reference":{"reference":"ValueSet/vs-ethnicity"},"name":"Ethnicity","description":"Ethnicity","groupingId":"_term_valueset"},{"extension":[{"url":"http://hl7.org/fhir/StructureDefinition/implementationguide-page","valueUri":"Questionnaire-case-reporting-questionnaire.html"}],"reference":{"reference":"Questionnaire/case-reporting-questionnaire"},"name":"Case Reporting Questionnaire","groupingId":"_str_questionnaire"},{"extension":[{"url":"http://hl7.org/fhir/StructureDefinition/implementationguide-page","valueUri":"CodeSystem-hiv-transmission-route.html"}],"reference":{"reference":"CodeSystem/hiv-transmission-route"},"name":"HIV Transmission Route","description":"HIV Transmission Route codes","groupingId":"_term_codesystem"},{"extension":[{"url":"http://hl7.org/fhir/StructureDefinition/implementationguide-page","valueUri":"ValueSet-hiv-transmission-route.html"}],"reference":{"reference":"ValueSet/hiv-transmission-route"},"name":"HIV Transmission Route","description":"HIV Transmission Route","groupingId":"_term_valueset"},{"extension":[{"url":"http://hl7.org/fhir/StructureDefinition/implementationguide-page","valueUri":"CodeSystem-cs-patient-gender.html"}],"reference":{"reference":"CodeSystem/cs-patient-gender"},"name":"Patient Gender","description":"The genders for patients","groupingId":"_term_codesystem"}],"page":{"nameUrl":"toc.html","title":"Table of Contents","generation":"html","page":[{"nameUrl":"index.html","title":"L1: OpenHIE Case Reporting","generation":"html","page":[{"nameUrl":"references.html","title":"References","generation":"html"}]},{"nameUrl":"requirements.html","title":"L2: Business Requirements","generation":"html","page":[{"nameUrl":"concepts.html","title":"Concepts","generation":"html"},{"nameUrl":"functional.html","title":"Functional Requirements","generation":"html"},{"nameUrl":"personas.html","title":"Personas","generation":"html"},{"nameUrl":"workflows.html","title":"Workflows","generation":"html"},{"nameUrl":"usecases.html","title":"Use Cases","generation":"html"}]},{"nameUrl":"data_exchange.html","title":"L3: Data Models and Exchange ","generation":"html","page":[{"nameUrl":"dependencies.html","title":"Dependencies","generation":"html"},{"nameUrl":"actors.html","title":"Actors","generation":"html"},{"nameUrl":"transactions.html","title":"Transactions","generation":"html"},{"nameUrl":"expected_actions.html","title":"Expected Actions","generation":"html"},{"nameUrl":"content_profiles.html","title":"Content Profiles","generation":"html"}]},{"nameUrl":"deployment.html","title":"L4: Deployment Guidance","generation":"html","page":[{"nameUrl":"security_privacy.html","title":"Security and Privacy Considerations","generation":"html"},{"nameUrl":"testing.html","title":"Testing","generation":"html"},{"nameUrl":"instant_openhie.html","title":"Instant OpenHIE","generation":"html"},{"nameUrl":"downloads.html","title":"Useful Downloads","generation":"html"}]},{"nameUrl":"artifacts.html","title":"Artifacts Summary","generation":"html","page":[{"nameUrl":"Questionnaire-case-reporting-questionnaire.html","title":"Case Reporting Questionnaire","generation":"generated"},{"nameUrl":"ValueSet-vs-ethnicity.html","title":"Ethnicity","generation":"generated"},{"nameUrl":"ValueSet-hiv-transmission-route.html","title":"HIV Transmission Route","generation":"generated"},{"nameUrl":"CodeSystem-hiv-transmission-route.html","title":"HIV Transmission Route","generation":"generated"},{"nameUrl":"CodeSystem-cs-patient-gender.html","title":"Patient Gender","generation":"generated"}]}]},"parameter":[{"code":"path-resource","value":"input\\history"},{"code":"path-resource","value":"input\\scenarios"},{"code":"path-resource","value":"input/capabilities"},{"code":"path-resource","value":"input/examples"},{"code":"path-resource","value":"input/extensions"},{"code":"path-resource","value":"input/models"},{"code":"path-resource","value":"input/operations"},{"code":"path-resource","value":"input/profiles"},{"code":"path-resource","value":"input/resources"},{"code":"path-resource","value":"input/vocabulary"},{"code":"path-resource","value":"input/testing"},{"code":"path-resource","value":"input/history"},{"code":"path-resource","value":"fsh-generated/resources"},{"code":"path-pages","value":"template/config"},{"code":"path-pages","value":"input/images"},{"code":"path-tx-cache","value":"input-cache/txcache"}]}}