{"resourceType":"ValueSet","id":"vs-ethnicity","text":{"status":"generated","div":"<div xmlns=\"http://www.w3.org/1999/xhtml\"><ul><li>Include all codes defined in <code>urn:oid:2.16.840.1.114222.4.11.877</code></li></ul></div>"},"url":"http://openhie.org/fhir/ValueSet/vs-ethnicity","version":"0.1.0-test","name":"VSEthnicity","title":"Ethnicity","status":"draft","date":"2021-03-16T12:34:17+00:00","publisher":"OpenHIE","contact":[{"telecom":[{"system":"url","value":"http://ohie.org"}]}],"description":"Ethnicity","jurisdiction":[{"coding":[{"system":"http://unstats.un.org/unsd/methods/m49/m49.htm","code":"001"}]}],"compose":{"include":[{"system":"urn:oid:2.16.840.1.114222.4.11.877"}]}}