{
  "resourceType": "ValueSet",
  "id": "hiv-transmission-route",
  "text": {
    "status": "generated",
    "div": "<div xmlns=\"http://www.w3.org/1999/xhtml\"><p>This value set contains 4 concepts</p><p>All codes from system <code>http://openhie.org/fhir/ValueSet/hiv-transmission-route</code></p><table class=\"codes\"><tr><td style=\"white-space:nowrap\"><b>Code</b></td><td><b>Display</b></td></tr><tr><td style=\"white-space:nowrap\"><a name=\"http---openhie.org-fhir-ValueSet-hiv-transmission-route-blood\"> </a>blood</td><td>Blood born infection</td></tr><tr><td style=\"white-space:nowrap\"><a name=\"http---openhie.org-fhir-ValueSet-hiv-transmission-route-sexual\"> </a>sexual</td><td>Sexual relationship</td></tr><tr><td style=\"white-space:nowrap\"><a name=\"http---openhie.org-fhir-ValueSet-hiv-transmission-route-mother\"> </a>mother</td><td>Mother to child</td></tr><tr><td style=\"white-space:nowrap\"><a name=\"http---openhie.org-fhir-ValueSet-hiv-transmission-route-unidentified\"> </a>unidentified</td><td>Unidentified</td></tr></table></div>"
  },
  "url": "http://openhie.org/fhir/ValueSet/hiv-transmission-route",
  "version": "0.1.0-test",
  "name": "HIVTransmissionRoute",
  "title": "HIV Transmission Route",
  "status": "draft",
  "date": "2021-02-07T17:37:25+00:00",
  "publisher": "OpenHIE",
  "contact": [
    {
      "telecom": [
        {
          "system": "url",
          "value": "http://ohie.org"
        }
      ]
    }
  ],
  "description": "HIV Transmission Route",
  "jurisdiction": [
    {
      "coding": [
        {
          "system": "http://unstats.un.org/unsd/methods/m49/m49.htm",
          "code": "001"
        }
      ]
    }
  ],
  "expansion": {
    "timestamp": "2021-02-02",
    "contains": [
      {
        "system": "http://openhie.org/fhir/ValueSet/hiv-transmission-route",
        "code": "blood",
        "display": "Blood born infection"
      },
      {
        "system": "http://openhie.org/fhir/ValueSet/hiv-transmission-route",
        "code": "sexual",
        "display": "Sexual relationship"
      },
      {
        "system": "http://openhie.org/fhir/ValueSet/hiv-transmission-route",
        "code": "mother",
        "display": "Mother to child"
      },
      {
        "system": "http://openhie.org/fhir/ValueSet/hiv-transmission-route",
        "code": "unidentified",
        "display": "Unidentified"
      }
    ]
  }
}